{"cameraMode":{"drawMode":0,"name":"Shaded","section":"Shading Mode"},"sceneLighting":false,"audioPlay":false,"sceneViewState":{"showFog":false,"showMaterialUpdate":false,"showSkybox":false,"showFlares":false,"showImageEffects":false,"showParticleSystems":false},"in2DMode":false,"pivot":{"x":-0.05124989524483681,"y":-0.5636882781982422,"z":2.1102113723754885},"rotation":{"x":0.26703009009361269,"y":-0.00434457790106535,"z":0.001207261811941862,"w":0.963677704334259},"size":0.8327323794364929,"orthographic":false}