{"cameraMode":{"drawMode":0,"name":"Shaded","section":"Shading Mode"},"sceneLighting":false,"audioPlay":false,"sceneViewState":{"showFog":false,"showMaterialUpdate":false,"showSkybox":false,"showFlares":false,"showImageEffects":false,"showParticleSystems":false},"in2DMode":false,"pivot":{"x":31.421218872070314,"y":12.363431930541993,"z":1.7657604217529297},"rotation":{"x":-0.20330962538719178,"y":0.7112480401992798,"z":-0.22847238183021546,"w":-0.6329233050346375},"size":47.752410888671878,"orthographic":false}