{"cameraMode":{"drawMode":0,"name":"Shaded","section":"Shading Mode"},"sceneLighting":false,"audioPlay":false,"sceneViewState":{"showFog":false,"showMaterialUpdate":false,"showSkybox":false,"showFlares":false,"showImageEffects":false,"showParticleSystems":false},"in2DMode":false,"pivot":{"x":-0.22580784559249879,"y":-0.06582289934158325,"z":0.9770503640174866},"rotation":{"x":-0.13136978447437287,"y":0.09116838872432709,"z":-0.012136433273553849,"w":-0.9870578050613403},"size":0.8772127032279968,"orthographic":false}