{"cameraMode":{"drawMode":0,"name":"Shaded","section":"Shading Mode"},"sceneLighting":false,"audioPlay":false,"sceneViewState":{"showFog":false,"showMaterialUpdate":false,"showSkybox":false,"showFlares":false,"showImageEffects":false,"showParticleSystems":false},"in2DMode":false,"pivot":{"x":0.040343884378671649,"y":-0.5054064393043518,"z":2.3037233352661135},"rotation":{"x":0.007812198717147112,"y":-0.012008762918412686,"z":0.00009709904406918213,"w":0.9998973608016968},"size":0.9142183661460877,"orthographic":false}