{"cameraMode":{"drawMode":0,"name":"Shaded","section":"Shading Mode"},"sceneLighting":false,"audioPlay":false,"sceneViewState":{"showFog":false,"showMaterialUpdate":false,"showSkybox":false,"showFlares":false,"showImageEffects":false,"showParticleSystems":false},"in2DMode":false,"pivot":{"x":0.26139476895332339,"y":-0.36266595125198367,"z":2.0520524978637697},"rotation":{"x":0.08420725911855698,"y":-0.011966442689299584,"z":0.0010145781561732293,"w":0.9963759183883667},"size":1.5781652927398682,"orthographic":false}