{"cameraMode":{"drawMode":0,"name":"Shaded","section":"Shading Mode"},"sceneLighting":false,"audioPlay":false,"sceneViewState":{"showFog":false,"showMaterialUpdate":false,"showSkybox":false,"showFlares":false,"showImageEffects":false,"showParticleSystems":false},"in2DMode":false,"pivot":{"x":0.3157597780227661,"y":0.34291455149650576,"z":0.395524263381958},"rotation":{"x":-0.004784442484378815,"y":0.11137053370475769,"z":-0.0005381748778745532,"w":-0.9937673211097717},"size":1.072862148284912,"orthographic":false}