{"cameraMode":{"drawMode":0,"name":"Shaded","section":"Shading Mode"},"sceneLighting":false,"audioPlay":false,"sceneViewState":{"showFog":false,"showMaterialUpdate":false,"showSkybox":false,"showFlares":false,"showImageEffects":false,"showParticleSystems":false},"in2DMode":false,"pivot":{"x":1.657118797302246,"y":-0.11575865745544434,"z":1.143907070159912},"rotation":{"x":-0.07573256641626358,"y":-0.3603249490261078,"z":0.029362108558416368,"w":-0.9292837977409363},"size":10.974015235900879,"orthographic":false}