{"cameraMode":{"drawMode":0,"name":"Shaded","section":"Shading Mode"},"sceneLighting":false,"audioPlay":false,"sceneViewState":{"showFog":false,"showMaterialUpdate":false,"showSkybox":false,"showFlares":false,"showImageEffects":false,"showParticleSystems":false},"in2DMode":false,"pivot":{"x":0.10315365344285965,"y":-0.5002871751785278,"z":2.115323066711426},"rotation":{"x":0.16012035310268403,"y":-0.0029703183099627496,"z":0.00048510832129977643,"w":0.987092912197113},"size":1.6246569156646729,"orthographic":false}