{"cameraMode":{"drawMode":0,"name":"Shaded","section":"Shading Mode"},"sceneLighting":false,"audioPlay":false,"sceneViewState":{"showFog":false,"showMaterialUpdate":false,"showSkybox":false,"showFlares":false,"showImageEffects":false,"showParticleSystems":false},"in2DMode":false,"pivot":{"x":-0.10481970757246018,"y":0.10447173565626145,"z":0.7933194041252136},"rotation":{"x":0.044670164585113528,"y":0.0006025857292115688,"z":0.00002448000668664463,"w":-0.999001681804657},"size":0.9819065928459168,"orthographic":false}