{"cameraMode":{"drawMode":0,"name":"Shaded","section":"Shading Mode"},"sceneLighting":false,"audioPlay":false,"sceneViewState":{"showFog":false,"showMaterialUpdate":false,"showSkybox":false,"showFlares":false,"showImageEffects":false,"showParticleSystems":false},"in2DMode":false,"pivot":{"x":1.6499998569488526,"y":2.369999885559082,"z":1.630000114440918},"rotation":{"x":0.14232699573040009,"y":-0.004463265184313059,"z":0.0006450675427913666,"w":0.9898094534873962},"size":7.548913955688477,"orthographic":false}