{"cameraMode":{"drawMode":0,"name":"Shaded","section":"Shading Mode"},"sceneLighting":false,"audioPlay":false,"sceneViewState":{"showFog":false,"showMaterialUpdate":false,"showSkybox":false,"showFlares":false,"showImageEffects":false,"showParticleSystems":false},"in2DMode":false,"pivot":{"x":0.01011520717293024,"y":-0.49032288789749148,"z":1.928132176399231},"rotation":{"x":0.37909069657325747,"y":-0.000007827285116945859,"z":0.000006708572982461192,"w":0.9253595471382141},"size":0.8547655940055847,"orthographic":false}