{"cameraMode":{"drawMode":0,"name":"Shaded","section":"Shading Mode"},"sceneLighting":true,"audioPlay":false,"sceneViewState":{"showFog":true,"showMaterialUpdate":false,"showSkybox":true,"showFlares":true,"showImageEffects":true,"showParticleSystems":true},"in2DMode":false,"pivot":{"x":0.11071968078613281,"y":0.023393332958221437,"z":8.450161933898926},"rotation":{"x":0.04605471342802048,"y":-0.9539374113082886,"z":0.21112698316574098,"w":0.20810504257678986},"size":8.799537658691407,"orthographic":false}