{"cameraMode":{"drawMode":0,"name":"Shaded","section":"Shading Mode"},"sceneLighting":false,"audioPlay":false,"sceneViewState":{"showFog":false,"showMaterialUpdate":false,"showSkybox":false,"showFlares":false,"showImageEffects":false,"showParticleSystems":false},"in2DMode":false,"pivot":{"x":0.0,"y":0.14087754487991334,"z":0.0010000001639127732},"rotation":{"x":-0.08869756758213043,"y":-0.0038814267609268429,"z":0.0003429933567531407,"w":-0.996051013469696},"size":0.7015627026557922,"orthographic":false}