{"cameraMode":{"drawMode":0,"name":"Shaded","section":"Shading Mode"},"sceneLighting":false,"audioPlay":false,"sceneViewState":{"showFog":false,"showMaterialUpdate":false,"showSkybox":false,"showFlares":false,"showImageEffects":false,"showParticleSystems":false},"in2DMode":false,"pivot":{"x":0.7359244227409363,"y":-0.5726330876350403,"z":2.095965623855591},"rotation":{"x":0.03480106592178345,"y":-0.016498567536473275,"z":0.0005778706399723887,"w":0.9992579221725464},"size":2.1781651973724367,"orthographic":false}